Year,3_days_SR(%),4_days_SR(%)
2020,70.24193548387096,80.10752688172043
2021,67.78033794162826,81.98924731182797
