Year,3_days_SR(%),4_days_SR(%)
2017,54.043010752688176,76.3010752688172
2018,55.592037890425,65.9594214029698
2019,68.09075780849975,77.9800307219662
2020,69.46051167964406,77.23118279569893
