Year,3_days_SR(%),4_days_SR(%)
2017,52.79569892473118,70.43010752688174
2018,54.900793650793645,68.56438812083972
2019,67.49743983614952,79.35099846390167
2020,66.89145346681498,80.01251390433815
