Year,3_days_SR(%),4_days_SR(%)
2020,73.60215053763442,81.7741935483871
2021,71.85099846390169,85.09984639016896
