Year,6_days_SR(%),7_days_SR(%)
2020,58.790322582499996,79.32795699
2021,68.39477726333332,83.90937020000001
