Year,6_days_SR(%),7_days_SR(%)
2017,41.65591397800001,58.580645161999996
2018,44.71710189458333,55.87493599516666
2019,56.7876344085,70.58051715350001
2020,57.96672228375,72.68724508625
